ten_sach;so_trang;nguoi_so_hoa;link
Bông Sen Vàng;319;Tuấn;https://lib.qnu.edu.vn/TraCuuTaiLieuSo2XemChiTiet.aspx?id=80439
Chuyển Đổi Số Trong Giáo Dục;226;nan;https://lib.qnu.edu.vn/TraCuuTaiLieuSo2XemChiTiet.aspx?id=80316
Cơ Sở Thổ Nhưỡng Và Địa Lý Thổ Nhưỡng;170;nan;https://lib.qnu.edu.vn/TraCuuTaiLieuSo2XemChiTiet.aspx?id=80339
Đường Bác Hồ Đi Cứu Nước;440;nan;https://lib.qnu.edu.vn/TraCuuTaiLieuSo2XemChiTiet.aspx?id=80440
Giáo Dục Học;127;nan;https://lib.qnu.edu.vn/tracuutailieuso2xemchitiet.aspx?Id=79318
Giáo Trình Hóa Học Môi Trường;412;nan;https://lib.qnu.edu.vn/TraCuuTaiLieuSo2XemChiTiet.aspx?id=80195
Giáo Trình Lịch Sử Tư Tưởng Xhcn;303;nan;https://lib.qnu.edu.vn/TraCuuTaiLieuSo2XemChiTiet.aspx?id=80457
Lược Sử Thời Gian;284;nan;https://lib.qnu.edu.vn/TraCuuTaiLieuSo2XemChiTiet.aspx?id=80314
Phát Triển Văn Hóa Việt Nam;463;nan;https://lib.qnu.edu.vn/TraCuuTaiLieuSo2XemChiTiet.aspx?id=81267
Ứng Dụng Ai Trong Giáo Dục;197;nan;https://lib.qnu.edu.vn/TraCuuTaiLieuSo2XemChiTiet.aspx?id=80317
Ứng Dụng Trí Tuệ Nhân Tạo Ai Trong Dạy Và Học Địa Lý;122;nan;https://lib.qnu.edu.vn/TraCuuTaiLieuSo2XemChiTiet.aspx?id=80315
Vấn Đề An Ninh Phi Truyền Thống Trong Quan Hệ Quốc Tế Hiện Nay;331;nan;https://lib.qnu.edu.vn/TraCuuTaiLieuSo2XemChiTiet.aspx?id=80427
Việt Nam Các Vùng Kinh Tế Và Vùng Kinh Tế Trọng Điểm;623;nan;https://lib.qnu.edu.vn/TraCuuTaiLieuSo2XemChiTiet.aspx?id=80328
Tên Sách;SỐ TRANG;NGƯỜI SỐ HÓA;Link tài liệu số
Tuần 38 (Từ 08/09 - 12/09/2025);;nan;
M4;;nan;
Cảnh Quan Lưu Vực Sông Cho Phát Triển Nông Lâm Nghiệp Bền Vững;259;Tuấn;https://lib.qnu.edu.vn/TraCuuTaiLieuSo2XemChiTiet.aspx?id=80342
Cơ Sở Cảnh Quan Học;160;nan;https://lib.qnu.edu.vn/TraCuuTaiLieuSo2XemChiTiet.aspx?id=80349
Địa Lý Du Lịch Việt Nam;355;nan;https://lib.qnu.edu.vn/TraCuuTaiLieuSo2XemChiTiet.aspx?id=80313
Giáo Trình Địa Tin Học Ứng Dụng;747;nan;https://lib.qnu.edu.vn/TraCuuTaiLieuSo2XemChiTiet.aspx?Id=80334
Giáo Trình Lý Luận Và Pháp Luật Về Phòng, Chống Tham Nhũng;299;nan;https://lib.qnu.edu.vn/TraCuuTaiLieuSo2XemChiTiet.aspx?id=80519
Giáo Trình Quản Lý Nhà Nước Về Kinh Tế Đối Ngoại;299;nan;https://lib.qnu.edu.vn/TraCuuTaiLieuSo2XemChiTiet.aspx?id=80470
Giáo Trình Tâm Lý Học Tư Pháp;166;nan;https://lib.qnu.edu.vn/TraCuuTaiLieuSo2XemChiTiet.aspx?id=80472
Hội Nhập Kinh Tế Quốc Tế;791;nan;https://lib.qnu.edu.vn/TraCuuTaiLieuSo2XemChiTiet.aspx?Id=80329
Phương Pháp Nghiên Cứu Khoa Học Luật;199;nan;https://lib.qnu.edu.vn/TraCuuTaiLieuSo2XemChiTiet.aspx?id=80471
Tài Nguyên Đất Và Vấn Đề Thoái Hóa Đất;172;nan;https://lib.qnu.edu.vn/TraCuuTaiLieuSo2XemChiTiet.aspx?Id=80347
Trắc Địa;248;nan;https://lib.qnu.edu.vn/TraCuuTaiLieuSo2XemChiTiet.aspx?id=80348
Xã Hội Học Về Bình Đẳng Giới;249;nan;https://lib.qnu.edu.vn/TraCuuTaiLieuSo2XemChiTiet.aspx?id=80443
530A.000130;880;Trúc;https://lib.qnu.edu.vn/TraCuuTaiLieuSo2XemChiTiet.aspx?id=80573
Giáo Trình Kỹ Thuật Số;243;nan;https://lib.qnu.edu.vn/TraCuuTaiLieuSo2XemChiTiet.aspx?id=80544
Từ Học Và Vật Liệu Từ;313;nan;https://lib.qnu.edu.vn/TraCuuTaiLieuSo2XemChiTiet.aspx?id=80524
Phương Pháp Luận Nckh Dạy Học Vật Lí;393;nan;https://lib.qnu.edu.vn/TraCuuTaiLieuSo2XemChiTiet.aspx?id=80546
Phương Trình Toán Lý;346;nan;https://lib.qnu.edu.vn/TraCuuTaiLieuSo2XemChiTiet.aspx?id=80545
Tuần 39 (Từ 22/09 - 28/09/2025);;nan;
M4;;nan;
An Ninh Phi Truyền Thống Trong Hội Nhập Quốc Tế;941;Tuấn;https://lib.qnu.edu.vn/TraCuuTaiLieuSo2XemChiTiet.aspx?id=80527
Các Hợp Đồng Thương Mại Thông Dụng;387;nan;https://lib.qnu.edu.vn/TraCuuTaiLieuSo2XemChiTiet.aspx?id=80527
Các Quá Trình Công Nghệ Cơ Bản Trong Sản Xuất Thực Phẩm;138;nan;https://lib.qnu.edu.vn/TraCuuTaiLieuSo2XemChiTiet.aspx?id=80536
Đánh Giá Cảnh Quan;178;nan;https://lib.qnu.edu.vn/TraCuuTaiLieuSo2XemChiTiet.aspx?id=80525
Dạy Học Vật Lý Ở Trường Phổ Thông Theo Định Hướng Phát Triển Hoạt Động Tích Cực, Tự Chủ, Sáng Tạo Và Tư Duy Khoa Học;200;nan;https://lib.qnu.edu.vn/TraCuuTaiLieuSo2XemChiTiet.aspx?id=80514
Giáo Trình Công Nghệ Bảo Quản Và Chế Biến Rau, Quả;176;nan;https://lib.qnu.edu.vn/TraCuuTaiLieuSo2XemChiTiet.aspx?id=80537
Giáo Trình Công Nghệ Lạnh Thủy Sản;395;nan;https://lib.qnu.edu.vn/TraCuuTaiLieuSo2XemChiTiet.aspx?id=80534
Giáo Trình Công Nghệ Sinh Học Nông Nghiệp;163;nan;https://lib.qnu.edu.vn/TraCuuTaiLieuSo2XemChiTiet.aspx?Id=80522
Giáo Trình Luật Quốc Tế Về Môi Trường;392;nan;https://lib.qnu.edu.vn/TraCuuTaiLieuSo2XemChiTiet.aspx?id=80528
Giáo Trình Luật Thương Mại Quốc Tế;434;nan;https://lib.qnu.edu.vn/TraCuuTaiLieuTruyenThong2Xem.aspx?ItemId=37392
Giáo Trình Pháp Luật Trọng Tài Thương Mại;352;nan;https://lib.qnu.edu.vn/TraCuuTaiLieuSo2XemChiTiet.aspx?id=80520
Giáo Trình Pháp Luật Về Tranh Chấp Thương Mại Quốc Tế;422;nan;https://lib.qnu.edu.vn/TraCuuTaiLieuTruyenThong2Xem.aspx?ItemId=37393
Thống Kê Và Ứng Dụng;275;nan;https://lib.qnu.edu.vn/TraCuuTaiLieuSo2XemChiTiet.aspx?Id=80574
Giáo Trình Kỹ Thuật Mạch Điện Tử;225;Trúc;https://lib.qnu.edu.vn/TraCuuTaiLieuSo2XemChiTiet.aspx?id=80547
Tự Học Điện Tử Orcad 9.2;243;nan;https://lib.qnu.edu.vn/TraCuuTaiLieuSo2XemChiTiet.aspx?id=80548
Infinite Series And Differential Equations;180;nan;https://lib.qnu.edu.vn/TraCuuTaiLieuSo2XemChiTiet.aspx?id=80549
X-Ray Diffraction Crystallography - 540A.000127;318;nan;https://lib.qnu.edu.vn/TraCuuTaiLieuSo2XemChiTiet.aspx?id=80557
The Physics Of Vibrations And Waves, 6Th - 530A.000129;571;nan;https://lib.qnu.edu.vn/TraCuuTaiLieuSo2XemChiTiet.aspx?id=80572
Nhập Môn Về Siêu Dẫn;160;nan;https://lib.qnu.edu.vn/TraCuuTaiLieuSo2XemChiTiet.aspx?id=80543
Kỷ Yếu Hội Thảo Khoa Học Quốc Tế;196;nan;https://lib.qnu.edu.vn/TraCuuTaiLieuSo2XemChiTiet.aspx?id=80578
Hướng Dẫn Tổ Chức Hđtn, Hướng Nghiệp Thcs Theo Chương Trình Gdpt 2018;133;nan;https://lib.qnu.edu.vn/TraCuuTaiLieuSo2XemChiTiet.aspx?id=80757
Tuần 40 (Từ 29/09 - 05/10/2025);;nan;
M4;;nan;
Tên Sách;SỐ TRANG;NGƯỜI SỐ HÓA;
Đánh Giá Tác Động Môi Trường Các Dự Án Phát Triển;254;Tuấn;https://lib.qnu.edu.vn/TraCuuTaiLieuSo2XemChiTiet.aspx?id=80571
Để Hoàn Thành Tốt Luận Văn Ngành Luật;383;nan;https://lib.qnu.edu.vn/TraCuuTaiLieuSo2XemChiTiet.aspx?id=80538
Giáo Trình Phân Tích Môi Trường;147;nan;https://lib.qnu.edu.vn/TraCuuTaiLieuSo2XemChiTiet.aspx?id=80553
Giáo Trình Phụ Gia Thực Phẩm;466;nan;https://lib.qnu.edu.vn/TraCuuTaiLieuSo2XemChiTiet.aspx?id=80533
Giáo Trình Quy Hoạch Sử Dụng Đất Đai;224;nan;https://lib.qnu.edu.vn/TraCuuTaiLieuSo2XemChiTiet.aspx?id=80552
Giáo Trình Tư Pháp Quốc Tế;591;nan;https://lib.qnu.edu.vn/TraCuuTaiLieuSo2XemChiTiet.aspx?id=80542
Khai Thác Khoáng Sản Rắn Bằng Phương Pháp Lộ Thiên;537;nan;https://lib.qnu.edu.vn/TraCuuTaiLieuSo2XemChiTiet.aspx?id=80529
Khai Thác Và Bảo Vệ Tài Nguyên Nước Dưới Đất;337;nan;https://lib.qnu.edu.vn/TraCuuTaiLieuSo2XemChiTiet.aspx?id=80530
Kỹ Thuật Môi Trường;746;nan;https://lib.qnu.edu.vn/TraCuuTaiLieuSo2XemChiTiet.aspx?id=80551
Pháp Luật Đại Cương;337;nan;https://lib.qnu.edu.vn/TraCuuTaiLieuSo2XemChiTiet.aspx?Id=79015
Pháp Luật Môi Trường;760;nan;https://lib.qnu.edu.vn/TraCuuTaiLieuSo2XemChiTiet.aspx?Id=80531
Quản Lý Chất Lượng Môi Trường;415;nan;https://lib.qnu.edu.vn/TraCuuTaiLieuSo2XemChiTiet.aspx?Id=80532
Tiếng Anh Chuyên Ngành Công Nghệ Thực Phẩm;272;nan;https://lib.qnu.edu.vn/TraCuuTaiLieuSo2XemChiTiet.aspx?id=80526
Tổng Luận Và Bình Giải Luật Kinh Doanh Bất Động Sản Năm 2024;482;nan;https://lib.qnu.edu.vn/TraCuuTaiLieuSo2XemChiTiet.aspx?id=80541
Tài Liệu Bồi Dưỡng Năng Lực Tổ Chức Hđtn Và Hđtn, Hướng Nghiệp Cho Giáo Viên Phổ Thông;347;Trúc;https://lib.qnu.edu.vn/TraCuuTaiLieuSo2XemChiTiet.aspx?id=80756
Ppdh Truyền Thống Và Đổi Mới;617;nan;https://lib.qnu.edu.vn/TraCuuTaiLieuSo2XemChiTiet.aspx?id=80577
Thiết Kế Hệ Thống Bài Tập Thực Hành Lí Luận Và Ppdh Địa Lí;256;nan;https://lib.qnu.edu.vn/TraCuuTaiLieuSo2XemChiTiet.aspx?id=80585
Pp Nckh Giáo Dục Trong Địa Lí;313;nan;https://lib.qnu.edu.vn/TraCuuTaiLieuSo2XemChiTiet.aspx?id=80584
Vấn Đề Gv Những Nghiên Cứu Lí Luận Và Thực Tiễn;387;nan;https://lib.qnu.edu.vn/TraCuuTaiLieuSo2XemChiTiet.aspx?Id=80734
Tổ Chức Hoạt Động Gd Ở Trường Phổ Thông;152;nan;https://lib.qnu.edu.vn/TraCuuTaiLieuSo2XemChiTiet.aspx?id=80586
Tuần 41 (Từ 06/10 - 12/10/2025);;nan;
M4;;nan;
Tên Sách;SỐ TRANG;NGƯỜI SỐ HÓA;
Bài Tập Đánh Giá Năng Lực Khoa Học Tự Nhiên Theo Tiếp Cận Pisa;646;Tuấn;https://lib.qnu.edu.vn/TraCuuTaiLieuSo2XemChiTiet.aspx?id=80567
Bức Tranh Thế Giới Đương Đại;339;nan;https://lib.qnu.edu.vn/TraCuuTaiLieuSo2XemChiTiet.aspx?id=80747
Các Phương Pháp Dạy Học Hiệu Quả;224;nan;https://lib.qnu.edu.vn/TraCuuTaiLieuSo2XemChiTiet.aspx?id=80568
Chính Sách 'Đóng Cửa' Và 'Mở Cửa' Ở Một Số Quốc Gia Đná;295;nan;https://lib.qnu.edu.vn/TraCuuTaiLieuSo2XemChiTiet.aspx?id=80751
Dạy Học Phát Triển Năng Lực Môn Sinh Học Trung Học Phổ Thông;219;nan;https://lib.qnu.edu.vn/TraCuuTaiLieuSo2XemChiTiet.aspx?id=80566
Đa Trí Tuệ Trong Lớp Học;243;nan;https://lib.qnu.edu.vn/TraCuuTaiLieuSo2XemChiTiet.aspx?id=80564
Giao Dịch Dân Sự Về Bất Động Sản T1;961;nan;https://lib.qnu.edu.vn/TraCuuTaiLieuSo2XemChiTiet.aspx?id=80580
Giáo Trình Lý Luận Dạy Học;187;nan;https://lib.qnu.edu.vn/TraCuuTaiLieuSo2XemChiTiet.aspx?id=80793
Giáo Trình Phương Pháp Điều Tra Và Giám Sát Đa Dạng Sinh Học Động Vật;284;nan;https://lib.qnu.edu.vn/TraCuuTaiLieuSo2XemChiTiet.aspx?id=80570
Giáo Trình Quan Hệ Kinh Tế Quốc Tế;439;nan;https://lib.qnu.edu.vn/TraCuuTaiLieuSo2XemChiTiet.aspx?id=80579
Giáo Trình Thể Chế Chính Trị Thế Giới;183;nan;https://lib.qnu.edu.vn/TraCuuTaiLieuSo2XemChiTiet.aspx?id=80749
Hệ Thống Chính Trị Anh, Pháp, Mỹ;344;nan;https://lib.qnu.edu.vn/TraCuuTaiLieuSo2XemChiTiet.aspx?id=80748
Hóa Học Dầu Mỏ Và Khí;243;nan;https://lib.qnu.edu.vn/TraCuuTaiLieuSo2XemChiTiet.aspx?id=81206
Hướng Dẫn Xây Dựng Đề Kiểm Tra Thi Đánh Giá Năng Lực Cấp Trung Học Phổ Thông;169;nan;https://lib.qnu.edu.vn/TraCuuTaiLieuSo2XemChiTiet.aspx?id=80565
Kinh Dịch Trong Đời Sống;570;nan;https://lib.qnu.edu.vn/TraCuuTaiLieuSo2XemChiTiet.aspx?id=81251
Lạnh Và Chế Biến Nông Sản Thực Phẩm;276;nan;https://lib.qnu.edu.vn/TraCuuTaiLieuSo2XemChiTiet.aspx?id=80535
Lý Luận Dạy Học Môn Giáo Dục Công Dân Ở Trường Phổ Thông;284;nan;https://lib.qnu.edu.vn/TraCuuTaiLieuSo2XemChiTiet.aspx?Id=80788
Môi Trường Khí Hậu Biến Đổi Mối Hiểm Họa Toàn Cầu;289;nan;https://lib.qnu.edu.vn/TraCuuTaiLieuSo2XemChiTiet.aspx?id=80763
Trọng Tài Thương Mại Quốc Tế Những Vấn Đề Đại Dương Và Thực Tiễn Việt Nam;503;nan;https://lib.qnu.edu.vn/TraCuuTaiLieuSo2XemChiTiet.aspx?id=80540
Giáo Trình Vật Lý Thiên Văn;351;nan;https://lib.qnu.edu.vn/TraCuuTaiLieuSo2XemChiTiet.aspx?Id=80550
Vấn Đề Gv Những Nghiên Cứu Lí Luận Và Thực Tiễn;387;Trúc;https://lib.qnu.edu.vn/TraCuuTaiLieuSo2XemChiTiet.aspx?id=80734
Đổi Mới Đào Tạo Gv Trước Yêu Cầu Đổi Mới Căn Bản, Toàn Diện Gdvn;215;nan;https://lib.qnu.edu.vn/TraCuuTaiLieuSo2XemChiTiet.aspx?id=80733
Phương Pháp Nghiên Cứu Khoa Học;159;nan;https://lib.qnu.edu.vn/TraCuuTaiLieuSo2XemChiTiet.aspx?id=80785
Lí Luận Dạy Học Địa Lí;289;nan;https://lib.qnu.edu.vn/TraCuuTaiLieuSo2XemChiTiet.aspx?id=80735
Đô Thị Học;405;nan;https://lib.qnu.edu.vn/TraCuuTaiLieuSo2XemChiTiet.aspx?id=80731
Đổi Mới Ppdh Địa Lí Ở Thpt;193;nan;https://lib.qnu.edu.vn/TraCuuTaiLieuSo2XemChiTiet.aspx?id=80754
Cơ Sở Triết Học Và Tâm Lí Học Của Đổi Mới Ppdh Trong Trường Phổ Thông;346;nan;https://lib.qnu.edu.vn/TraCuuTaiLieuSo2XemChiTiet.aspx?id=80755
Rèn Luyện Kĩ Năng Địa Lí;137;nan;https://lib.qnu.edu.vn/TraCuuTaiLieuSo2XemChiTiet.aspx?id=80753
Tuần 42 (Từ 13/10 - 19/10/2025);;nan;
M4;;nan;
Tên Sách;SỐ TRANG;NGƯỜI SỐ HÓA;
Câu Hỏi Và Trả Lời Về Môn Thể Chế Chính Trị Thế Giới Đương Đại;298;Tuấn;https://lib.qnu.edu.vn/TraCuuTaiLieuSo2XemChiTiet.aspx?id=80750
Giao Dịch Dân Sự Về Bất Động Sản T2;398;nan;https://lib.qnu.edu.vn/TraCuuTaiLieuSo2XemChiTiet.aspx?id=80741
Giáo Trình Luật Lao Động Việt Nam T1;476;nan;https://lib.qnu.edu.vn/TraCuuTaiLieuSo2XemChiTiet.aspx?id=80737
Giáo Trình Luật Lao Động Việt Nam T2;203;nan;https://lib.qnu.edu.vn/TraCuuTaiLieuSo2XemChiTiet.aspx?id=80738
Giáo Trình Luật Ngân Sách Nhà Nước;280;nan;https://lib.qnu.edu.vn/TraCuuTaiLieuSo2XemChiTiet.aspx?id=80739
Giáo Trình Luật Thương Mại Phần I;560;nan;https://lib.qnu.edu.vn/TraCuuTaiLieuSo2XemChiTiet.aspx?id=80743
Kỹ Thuật Điện Tử;352;nan;https://lib.qnu.edu.vn/TraCuuTaiLieuSo2XemChiTiet.aspx?Id=80729
Một Số Chuyên Đề Phương Pháp Dạy Học Lịch Sử;495;nan;https://lib.qnu.edu.vn/TraCuuTaiLieuSo2XemChiTiet.aspx?id=80765
Mưa Đỏ;371;nan;https://lib.qnu.edu.vn/TraCuuTaiLieuSo2XemChiTiet.aspx?id=80724
Nguồn Gốc Loài Người Trong Tiến Hóa;137;nan;https://lib.qnu.edu.vn/TraCuuTaiLieuSo2XemChiTiet.aspx?id=80879
Nuôi Cấy Mô Thực Vật Và Nguyên Lý Thực Hành;204;nan;https://lib.qnu.edu.vn/TraCuuTaiLieuSo2XemChiTiet.aspx?id=80774
Pháp Luật Kinh Doanh Bất Động Sản;313;nan;https://lib.qnu.edu.vn/TraCuuTaiLieuSo2XemChiTiet.aspx?id=80742
Phát Triển Các Loại Thị Trường;378;nan;https://lib.qnu.edu.vn/TraCuuTaiLieuSo2XemChiTiet.aspx?id=80782
Phát Triển Kĩ Năng Tự Học Lịch Sử Cho Học Sinh;229;nan;https://lib.qnu.edu.vn/TraCuuTaiLieuSo2XemChiTiet.aspx?Id=80769
Phương Pháp Giáo Dục Giá Trị Kỹ Năng Sống;231;nan;https://lib.qnu.edu.vn/TraCuuTaiLieuSo2XemChiTiet.aspx?id=80781
Sự Điều Chỉnh Chiến Lược Của Các Nước Lớn Và Ứng Phó Của Việt Nam;252;nan;https://lib.qnu.edu.vn/TraCuuTaiLieuSo2XemChiTiet.aspx?id=80746
Tư Pháp Quốc Tế Việt Nam;774;nan;https://lib.qnu.edu.vn/TraCuuTaiLieuSo2XemChiTiet.aspx?id=80740
Bồi Dưỡng Giáo Viên Hiệu Quả;472;"Trúc
(Nhập M4)";https://lib.qnu.edu.vn/TraCuuTaiLieuSo2XemChiTiet.aspx?id=80762
Dạy Học Và Phương Pháp Trong Dạy Học Nhà Trường;493;nan;https://lib.qnu.edu.vn/TraCuuTaiLieuSo2XemChiTiet.aspx?id=80772
Hoạt Động Gd Môi Trường Trong Môn Địa Lí Ở Trường Phổ Thông;133;nan;https://lib.qnu.edu.vn/TraCuuTaiLieuSo2XemChiTiet.aspx?id=80758
Tuần 43;;nan;
M4;;nan;
Tên Sách;SỐ TRANG;NGƯỜI SỐ HÓA;
Giáo Trình Luật Cạnh Tranh;388;Tuấn;https://lib.qnu.edu.vn/TraCuuTaiLieuSo2XemChiTiet.aspx?id=80736
Quan Hệ Quốc Tế Thời Hiện Đại Những Vấn Đề Mới Đặt Ra;527;nan;https://lib.qnu.edu.vn/TraCuuTaiLieuSo2XemChiTiet.aspx?Id=80723
Thanh Toán Quốc Tế;703;nan;https://lib.qnu.edu.vn/tracuutailieuso2xemchitiet.aspx?Id=78763
Tổ Chức Hoạt Động Trải Nghiệm Cho Học Sinh Lớp 10 (Các Môn Khxh);169;nan;https://lib.qnu.edu.vn/TraCuuTaiLieuSo2XemChiTiet.aspx?id=80766
Văn Hóa Việt Nam;475;nan;https://lib.qnu.edu.vn/TraCuuTaiLieuSo2XemChiTiet.aspx?Id=80776
Đổi Mới Ppdh, Chương Trình Và Sgk;259;"Trúc 
(Nhập M4)";https://lib.qnu.edu.vn/TraCuuTaiLieuSo2XemChiTiet.aspx?id=80771
Lí Luận Dạy Học Địa Lí Phần Đại Cương;362;nan;https://lib.qnu.edu.vn/TraCuuTaiLieuSo2XemChiTiet.aspx?id=80770
Lịch Sử Cuộc Kháng Chiến Chống Thực Dân Pháp 1945-1954, T.I;444;nan;https://lib.qnu.edu.vn/TraCuuTaiLieuSo2XemChiTiet.aspx?id=80794
Tuần 44;;nan;
10 Ctđt;;nan;
Bác Hồ Và Truyền Thống Văn Hóa Dân Tộc;125;Tuấn;https://lib.qnu.edu.vn/TraCuuTaiLieuSo2XemChiTiet.aspx?id=81216
Biến Đổi Khí Hậu;419;nan;https://lib.qnu.edu.vn/TraCuuTaiLieuSo2XemChiTiet.aspx?Id=80761
Các Con Đường, Biện Pháp Nâng Cao Hiệu Quả Dạy Học Lịch Sử Ở Trường Phổ Thông;270;nan;https://lib.qnu.edu.vn/TraCuuTaiLieuSo2XemChiTiet.aspx?id=80764
Chuyển Đổi Số Tại Việt Nam;305;nan;https://lib.qnu.edu.vn/TraCuuTaiLieuSo2XemChiTiet.aspx?id=80783
Công Nghiệp Hóa, Hiện Đại Hóa Nền Kinh Tế Việt Nam;860;nan;https://lib.qnu.edu.vn/TraCuuTaiLieuSo2XemChiTiet.aspx?id=27205
Đảng Lãnh Đạo Xây Dựng Nền Kinh Tế Thị Trường Định Hướng Xã Hội Chủ Nghĩa Ở Việt Nam;391;nan;https://lib.qnu.edu.vn/TraCuuTaiLieuSo2XemChiTiet.aspx?id=80759
Đánh Giá Tác Động Môi Trường;151;nan;https://lib.qnu.edu.vn/TraCuuTaiLieuSo2XemChiTiet.aspx?id=80780
Địa Chất Môi Trường;263;nan;https://lib.qnu.edu.vn/TraCuuTaiLieuSo2XemChiTiet.aspx?id=80778
Định Hướng Xã Hội Chủ Nghĩa Trong Phát Triển Kinh Tế Thị Trường Việt Nam;469;nan;https://lib.qnu.edu.vn/TraCuuTaiLieuSo2XemChiTiet.aspx?id=80784
Đổi Mới Phương Pháp Dạy Học Lịch Sử;255;nan;https://lib.qnu.edu.vn/TraCuuTaiLieuSo2XemChiTiet.aspx?id=80768
Giải Tích Phép Tính Vi Phân Và Tích Phân Hàm 1 Biến;281;nan;https://lib.qnu.edu.vn/TraCuuTaiLieuSo2XemChiTiet.aspx?id=80790
Giải Tích Phép Tính Vi Phân Và Tích Phân Hàm Nhiều Biến;381;nan;https://lib.qnu.edu.vn/TraCuuTaiLieuSo2XemChiTiet.aspx?id=80791
Giải Tích Tích Phân Suy Rộng Và Lý Thuyết Chuỗi;124;nan;https://lib.qnu.edu.vn/TraCuuTaiLieuSo2XemChiTiet.aspx?id=80792
Giao Tiếp Sư Phạm;217;nan;https://lib.qnu.edu.vn/TraCuuTaiLieuSo2XemChiTiet.aspx?id=80787
Giáo Trình Giải Tích Hàm;124;nan;https://lib.qnu.edu.vn/TraCuuTaiLieuSo2XemChiTiet.aspx?Id=80789
Giáo Trình Hóa Sinh Học Cơ Sở;332;nan;https://lib.qnu.edu.vn/TraCuuTaiLieuSo2XemChiTiet.aspx?id=80773
Giáo Trình Lịch Sử Nhà Nước Và Pháp Luật Việt Nam;531;nan;https://lib.qnu.edu.vn/TraCuuTaiLieuSo2XemChiTiet.aspx?id=80745
Giáo Trình Luật Thương Mại Phần I;560;nan;https://lib.qnu.edu.vn/TraCuuTaiLieuSo2XemChiTiet.aspx?Id=80743
Giáo Trình Quy Hoạch Nông Thôn;256;nan;https://lib.qnu.edu.vn/TraCuuTaiLieuSo2XemChiTiet.aspx?id=80752
Giáo Trình Tâm Lý Học Tư Pháp;365;nan;https://lib.qnu.edu.vn/TraCuuTaiLieuSo2XemChiTiet.aspx?id=80760
Giáo Trình Xã Hội Học Pháp Luật;392;nan;https://lib.qnu.edu.vn/TraCuuTaiLieuSo2XemChiTiet.aspx?id=80744
Soạn Thảo Và Quản Lý Văn Bản Quản Lý Nhà Nước;161;nan;https://lib.qnu.edu.vn/TraCuuTaiLieuSo2XemChiTiet.aspx?Id=80800
Phương Pháp Toán Trong Địa Lí;199;Trúc;https://lib.qnu.edu.vn/TraCuuTaiLieuSo2XemChiTiet.aspx?id=80777
Lịch Sử Cuộc Kháng Chiến Chống Thực Dân Pháp 1945-1954, T.Ii;427;nan;https://lib.qnu.edu.vn/TraCuuTaiLieuSo2XemChiTiet.aspx?id=80795
Lịch Sử Cuộc Kháng Chiến Chống Thực Dân Pháp 1945-1954, T.Iii;460;nan;https://lib.qnu.edu.vn/TraCuuTaiLieuSo2XemChiTiet.aspx?id=80796
Lịch Sử Cuộc Kháng Chiến Chống Thực Dân Pháp 1945-1954, T.V;805;nan;"https://lib.qnu.edu.vn/TraCuuTaiLieuSo2XemChiTiet.aspx?id=81182
"
Rèn Luyện Kĩ Năng Nghiệp Vụ Sư Phạm Trong Đào Tạo Gv;161;nan;https://lib.qnu.edu.vn/TraCuuTaiLieuSo2XemChiTiet.aspx?id=80889
Tuần 45;;nan;
10 Ctđt;;nan;
Di Truyền Học;423;Tuấn;https://lib.qnu.edu.vn/TraCuuTaiLieuSo2XemChiTiet.aspx?id=80877
Địa Danh Ở Huyện Hoài Nhơn, Tỉnh Bình Định;137;nan;https://lib.qnu.edu.vn/TraCuuTaiLieuSo2XemChiTiet.aspx?Id=80826
Địa Danh Ở Thành Phố Quy Nhơn, Tỉnh Bình Định;127;nan;https://lib.qnu.edu.vn/TraCuuTaiLieuSo2XemChiTiet.aspx?Id=80827
Địa Danh Ở Xã An Nhơn, Tỉnh Bình Định;154;nan;https://lib.qnu.edu.vn/TraCuuTaiLieuSo2XemChiTiet.aspx?Id=80828
Lịch Sử Tư Tưởng Chính Trị - Pháp Lý;647;nan;"https://lib.qnu.edu.vn/TraCuuTaiLieuSo2XemChiTiet.aspx?id=81159
"
Lược Sử Về Bình Đẳng;283;nan;https://lib.qnu.edu.vn/TraCuuTaiLieuSo2XemChiTiet.aspx?Id=80891
Luật Hiến Pháp Của Các Nước Tư Bản;577;nan;https://lib.qnu.edu.vn/TraCuuTaiLieuSo2XemChiTiet.aspx?id=81160
Tuyển Tập Bất Bình Đẳng;407;nan;https://lib.qnu.edu.vn/TraCuuTaiLieuSo2XemChiTiet.aspx?id=80893
Lịch Sử Cuộc Kháng Chiến Chống Thực Dân Pháp 1945-1954, T.Iv;465;Trúc;https://lib.qnu.edu.vn/TraCuuTaiLieuSo2XemChiTiet.aspx?id=81181
Lịch Sử Cuộc Kháng Chiến Chống Thực Dân Pháp 1945-1954, T.Vi;586;nan;https://lib.qnu.edu.vn/TraCuuTaiLieuSo2XemChiTiet.aspx?id=81183
Lịch Sử Cuộc Kháng Chiến Chống Thực Dân Pháp 1945-1954, T.Vii;382;nan;https://lib.qnu.edu.vn/TraCuuTaiLieuSo2XemChiTiet.aspx?id=81184
Tuần 46 (10/11-16/11/2025);;nan;
10 Ctđt;;nan;
Cẩm Nang Nghiệp Vụ Sp Đổi Mới Hương Pháp Dạy Học Hiệu Quả Và Những Giải Pháp Ứng Xử Trong Ngành Giáo Dục Hnay;424;Tuấn;https://lib.qnu.edu.vn/TraCuuTaiLieuSo2XemChiTiet.aspx?id=80895
Cơ Quan Tiến Hành Tố Tụng Cạnh Tranh Theo Pháp Luật Việt Nam;160;nan;https://lib.qnu.edu.vn/TraCuuTaiLieuSo2XemChiTiet.aspx?id=80946
Di Truyền Học Tập I;331;nan;https://lib.qnu.edu.vn/TraCuuTaiLieuSo2XemChiTiet.aspx?Id=80881
Di Truyền Học Tập Ii;326;nan;https://lib.qnu.edu.vn/TraCuuTaiLieuSo2XemChiTiet.aspx?Id=80882
Giáo Trình Luật Thương Mại Phần 2;519;nan;https://lib.qnu.edu.vn/TraCuuTaiLieuSo2XemChiTiet.aspx?id=81139
Hóa Sinh Công Nghiệp;199;nan;https://lib.qnu.edu.vn/TraCuuTaiLieuSo2XemChiTiet.aspx?Id=80884
Hội Nhập Quốc Tế;217;nan;https://lib.qnu.edu.vn/TraCuuTaiLieuSo2XemChiTiet.aspx?id=80892
Kỹ Thuật Sản Xuất Rau Sạch;139;nan;https://lib.qnu.edu.vn/TraCuuTaiLieuSo2XemChiTiet.aspx?id=80880
Luật Tài Sản Việt Nam 1;764;nan;https://lib.qnu.edu.vn/TraCuuTaiLieuSo2XemChiTiet.aspx?id=81161
Lý Sinh Y Học;442;nan;https://lib.qnu.edu.vn/TraCuuTaiLieuSo2XemChiTiet.aspx?id=80305
Tâm Lý Học Giáo Dục;189;nan;https://lib.qnu.edu.vn/TraCuuTaiLieuSo2XemChiTiet.aspx?id=80885
Thuyết Tiến Hóa Phân Tử Trung Tính;71;nan;https://lib.qnu.edu.vn/TraCuuTaiLieuSo2XemChiTiet.aspx?id=80878
Vấn Đề Con Người Và Giáo Dục Con Người Nhìn Từ Góc Độ Triết Học Xã Hội;177;nan;https://lib.qnu.edu.vn/TraCuuTaiLieuSo2XemChiTiet.aspx?id=80830
Tâm Lý Học Giáo Dục;279;Trúc;https://lib.qnu.edu.vn/TraCuuTaiLieuSo2XemChiTiet.aspx?id=80885
Giáo Trình Khoa Học Quản Lý;189;nan;https://lib.qnu.edu.vn/TraCuuTaiLieuSo2XemChiTiet.aspx?id=80887
Mỹ Thuật Và Kiến Trúc Việt Nam Truyền Thống;234;nan;https://lib.qnu.edu.vn/TraCuuTaiLieuSo2XemChiTiet.aspx?id=81192
Dạy Học Kinh Tế Chính Trị Theo Phương Pháp Tích Cực;306;nan;https://lib.qnu.edu.vn/TraCuuTaiLieuSo2XemChiTiet.aspx?id=80888
Tuần 47 (17/11-23/11/2025;;nan;
10 Ctđt;;nan;
Cơ Sở Di Truyền Và Công Nghệ Gen;182;Tuấn;https://lib.qnu.edu.vn/TraCuuTaiLieuSo2XemChiTiet.aspx?id=80876
Dạy Học Phát Triển Năng Lực Môn Gdcd Trung Học Phổ Thông;200;nan;https://lib.qnu.edu.vn/TraCuuTaiLieuSo2XemChiTiet.aspx?Id=80894
Dạy Và Học Môn Giáo Dục Công Dân Ở Trường Trung Học Phổ Thông;218;nan;https://lib.qnu.edu.vn/TraCuuTaiLieuSo2XemChiTiet.aspx?id=80896
Kỹ Thuật Soạn Thảo Văn Bản;453;nan;https://lib.qnu.edu.vn/TraCuuTaiLieuSo2XemChiTiet.aspx?id=81253
Lịch Sử Việt Nam Tập 2;835;nan;https://lib.qnu.edu.vn/TraCuuTaiLieuSo2XemChiTiet.aspx?id=81229
Luật Tài Sản Việt Nam 2;754;nan;https://lib.qnu.edu.vn/TraCuuTaiLieuSo2XemChiTiet.aspx?id=81162
Một Số Tôn Giáo Ở Việt Nam;573;nan;https://lib.qnu.edu.vn/TraCuuTaiLieuSo2XemChiTiet.aspx?id=81193
Phương Pháp Dạy Học Môn Giáo Dục  Công Dân Ở Trường Trung Học Phổ Thông;236;nan;https://lib.qnu.edu.vn/TraCuuTaiLieuSo2XemChiTiet.aspx?id=81219
Tín Ngưỡng Và Văn Hóa Tín Ngưỡng Ở Việt Nam;510;nan;https://lib.qnu.edu.vn/TraCuuTaiLieuSo2XemChiTiet.aspx?Id=80950
Tình Huống Sư Phạm Trong Công Tác Giáo Dục Học Sinh Trung Học Phổ Thông;243;nan;https://lib.qnu.edu.vn/TraCuuTaiLieuSo2XemChiTiet.aspx?id=81153
Gt Lịch Sử Việt Nam I;213;Trúc;https://lib.qnu.edu.vn/TraCuuTaiLieuSo2XemChiTiet.aspx?id=81201
Gt Lịch Sử Việt Nam Ii;199;nan;https://lib.qnu.edu.vn/TraCuuTaiLieuSo2XemChiTiet.aspx?id=81202
Gt Lịch Sử Việt Nam Iii;229;nan;https://lib.qnu.edu.vn/TraCuuTaiLieuSo2XemChiTiet.aspx?id=81203
Gt Lịch Sử Việt Nam Iv;357;nan;https://lib.qnu.edu.vn/TraCuuTaiLieuSo2XemChiTiet.aspx?id=81204
Tuần 48 (24/11-30/11/2025);;nan;
10 Ctđt;;nan;
30 Năm Đổi Mới Và Phát Triển Ở Việt Nam;476;Tuấn;https://lib.qnu.edu.vn/TraCuuTaiLieuSo2XemChiTiet.aspx?id=80945
Lịch Sử Kháng Chiến Chống Mỹ Cứu Nước 1954 - 1975 Tập I;203;nan;https://lib.qnu.edu.vn/TraCuuTaiLieuSo2XemChiTiet.aspx?id=81185
Lịch Sử Kháng Chiến Chống Mỹ Cứu Nước 1954 - 1975 Tập Ii;403;nan;KHÔNG CÓ
Lịch Sử Kháng Chiến Chống Mỹ Cứu Nước 1954 - 1975 Tập V;363;nan;KHÔNG CÓ
Lịch Sử Kháng Chiến Chống Mỹ Cứu Nước 1954 - 1975 Tập Vii;490;nan;https://lib.qnu.edu.vn/TraCuuTaiLieuSo2XemChiTiet.aspx?id=81189
Lịch Sử Kháng Chiến Chống Mỹ Cứu Nước 1954 - 1975 Tập Viii;574;nan;https://lib.qnu.edu.vn/TraCuuTaiLieuSo2XemChiTiet.aspx?id=81190
Lịch Sử Việt Nam Tập 1;732;nan;https://lib.qnu.edu.vn/TraCuuTaiLieuSo2XemChiTiet.aspx?id=81228
Tư Tưởng Canh Tân Đất Nước Dưới Triều Nguyễn;226;nan;https://lib.qnu.edu.vn/TraCuuTaiLieuSo2XemChiTiet.aspx?id=81198
Vương Quốc Champa;200;nan;https://lib.qnu.edu.vn/TraCuuTaiLieuSo2XemChiTiet.aspx?id=80954
Vương Quốc Phù Nam;317;nan;https://lib.qnu.edu.vn/TraCuuTaiLieuSo2XemChiTiet.aspx?id=80953
Di Sản Thế Giới Ở Việt Nam;202;Trúc;https://lib.qnu.edu.vn/TraCuuTaiLieuSo2XemChiTiet.aspx?id=80952
Du Lịch Việt Nam Qua Các Di Sản Thế Giới Được Unesco Công Nhận;218;nan;https://lib.qnu.edu.vn/TraCuuTaiLieuSo2XemChiTiet.aspx?id=80951
Gt Lịch Sử Việt Nam Vi;206;nan;https://lib.qnu.edu.vn/TraCuuTaiLieuSo2XemChiTiet.aspx?id=81142
Gt Lịch Sử Việt Nam Vii;340;nan;https://lib.qnu.edu.vn/TraCuuTaiLieuSo2XemChiTiet.aspx?id=81143
Gt Lịch Sử Việt Nam Viii;213;nan;https://lib.qnu.edu.vn/TraCuuTaiLieuSo2XemChiTiet.aspx?id=81144
Lịch Sử Quân Sự Việt Nam T.11 : Cuộc Kháng Chiến Chống Mỹ, Cứu Nước (1954 -1975);487;nan;https://lib.qnu.edu.vn/TraCuuTaiLieuSo2XemChiTiet.aspx?id=81191
Lịch Sử Văn Minh Thế Giới;280;nan;https://lib.qnu.edu.vn/TraCuuTaiLieuSo2XemChiTiet.aspx?id=4988
Rèn Luyện Kĩ Năng Nghiệp Vụ Sư Phạm Môn Lịch Sử;228;nan;https://lib.qnu.edu.vn/TraCuuTaiLieuSo2XemChiTiet.aspx?id=81196
Tuần 49 ( Từ Ngày 1-7/12/2025 )  Nghỉ Phép Ngày 1/12/2025;;nan;
10 Ctđt;;nan;
Cải Cách Hồ Quý Ly;259;Tuấn;https://lib.qnu.edu.vn/TraCuuTaiLieuSo2XemChiTiet.aspx?id=81197
Cộng Đồng Quốc Gia Dân Tộc Việt Nam;398;nan;https://lib.qnu.edu.vn/TraCuuTaiLieuSo2XemChiTiet.aspx?id=80948
Giáo Trình Cnxhkh;467;nan;https://lib.qnu.edu.vn/TraCuuTaiLieuSo2XemChiTiet.aspx?id=5684
Hóa Lý Và Hóa Keo;555;nan;https://lib.qnu.edu.vn/tai-lieu-so-81207-hoa-ly-va-hoa-keo-giao-trinh-dung-cho-sinh-vien-hoc-vien-cao-hoc-nghien-cuu-sinh-cac-truong-dai-hoc-va-cao-dang-thuoc-cac-he-dao-tao.html
Lịch Sử Kháng Chiến Chống Mỹ Cứu Nước 1954 - 1975 Tập Iii;455;nan;https://lib.qnu.edu.vn/TraCuuTaiLieuSo2XemChiTiet.aspx?id=81186
Lịch Sử Kháng Chiến Chống Mỹ Cứu Nước 1954 - 1975 Tập Iv;467;nan;https://lib.qnu.edu.vn/TraCuuTaiLieuSo2XemChiTiet.aspx?id=81187
Lịch Sử Kháng Chiến Chống Mỹ Cứu Nước 1954 - 1975 Tập Vi;390;nan;https://lib.qnu.edu.vn/TraCuuTaiLieuSo2XemChiTiet.aspx?id=81188
Phân Tích Và Đầu Tư Chứng Khoán;609;nan;https://lib.qnu.edu.vn/TraCuuTaiLieuSo2XemChiTiet.aspx?id=81107
Tài Chính Doanh Nghiệp Lt Và Bt;512;nan;https://lib.qnu.edu.vn/TraCuuTaiLieuSo2XemChiTiet.aspx?id=80987
Một Số Trận Quyết Chiến Chiến Lược Trong Lịch Sử Dân Tộc;473;Trúc;https://lib.qnu.edu.vn/TraCuuTaiLieuSo2XemChiTiet.aspx?id=81145
Nghệ Thuật Đánh Giặc Giữ Nước Của Dân Tộc Việt Nam;490;nan;https://lib.qnu.edu.vn/TraCuuTaiLieuSo2XemChiTiet.aspx?id=81195
Nông Dân Và Nông Thôn Việt Nam Thời Cận Đại;267;nan;https://lib.qnu.edu.vn/TraCuuTaiLieuSo2XemChiTiet.aspx?id=81200
Vấn Đề Con Người Và Chủ Nghĩa 'Lý Luận Không Có Con Người';244;nan;https://lib.qnu.edu.vn/TraCuuTaiLieuSo2XemChiTiet.aspx?id=81154
Mô Hình Tổ Chức Nhà Nước Ở Việt Nam Thế Kỷ X-Xix;306;nan;https://lib.qnu.edu.vn/TraCuuTaiLieuSo2XemChiTiet.aspx?id=81194
Báo Cáo Tổng Kết Một Số Vấn Đề Lý Luận - Thực Tiễn Qua 30 Năm Đổi Mới (1986 - 2016);255;nan;https://lib.qnu.edu.vn/TraCuuTaiLieuSo2XemChiTiet.aspx?id=81155
Tuần 50 ( Từ Ngày 8-14/12/2025 );;nan;
10 Ctđt;;nan;
Ấn Độ Với Đông Nam Á Trong Bối Cảnh Quốc Tế Mới;383;Tuấn;https://lib.qnu.edu.vn/TraCuuTaiLieuSo2XemChiTiet.aspx?id=81180
Đổi Mới, Hoàn Thiện Hệ Thống Chính Trị Ở Nước Ta;431;nan;https://lib.qnu.edu.vn/TraCuuTaiLieuSo2XemChiTiet.aspx?id=81152
Giáo Trình Lịch Sử Nhà Nước Và Pháp Luật Việt Nam;612;nan;https://lib.qnu.edu.vn/TraCuuTaiLieuSo2XemChiTiet.aspx?id=80745
Lịch Sử Cntb Từ 1500 Đến 2000;455;nan;https://lib.qnu.edu.vn/TraCuuTaiLieuSo2XemChiTiet.aspx?id=81179
Lịch Sử Quan Hệ Quốc Tế Sau Chiến Tranh Thế Giới Thứ Hai T1;384;nan;https://lib.qnu.edu.vn/TraCuuTaiLieuSo2XemChiTiet.aspx?id=81178
Lịch Sử Thế Giới Tập Iv (Thời Cận Đại 1640 - 1900 );623;nan;https://lib.qnu.edu.vn/TraCuuTaiLieuSo2XemChiTiet.aspx?id=81177
Lịch Sử Triết Học;646;nan;https://lib.qnu.edu.vn/TraCuuTaiLieuSo2XemChiTiet.aspx?id=81068
Lịch Sử Việt Nam Tập Ii (1858 - 1945 );493;nan;https://lib.qnu.edu.vn/TraCuuTaiLieuSo2XemChiTiet.aspx?id=81140
Nghiên Cứu Và Tuyên Truyền Về Chủ Quyền Biển, Đảo Việt Nam;550;nan;https://lib.qnu.edu.vn/TraCuuTaiLieuSo2XemChiTiet.aspx?id=81176
Những Vấn Đề Cơ Bản Của Lịch Sử Các Học Thuyết Kinh Tế;160;nan;https://lib.qnu.edu.vn/TraCuuTaiLieuSo2XemChiTiet.aspx?id=81175
Phương Pháp Luận Sử Học;343;nan;https://lib.qnu.edu.vn/TraCuuTaiLieuSo2XemChiTiet.aspx?id=80949
Tìm Hiểu Môn Học Lịch Sử Phong Trào Cộng Sản, Công Nhân Quốc Tế Và Địa Chính Trị - Thế Giới;121;nan;https://lib.qnu.edu.vn/TraCuuTaiLieuSo2XemChiTiet.aspx?id=81174
Xây Dựng Hệ Thống Chính Trị Ở Việt Nam Trong Tình Hình Mới;418;nan;https://lib.qnu.edu.vn/TraCuuTaiLieuSo2XemChiTiet.aspx?id=81151
Cơ Cấu Xã Hội Trong Quá Trình Phát Triển Của Lịch Sử Việt Nam;343;Trúc;https://lib.qnu.edu.vn/TraCuuTaiLieuSo2XemChiTiet.aspx?id=81173
Giáo Trình Kinh Tế Chính Trị Mác - Lênin;441;nan;https://lib.qnu.edu.vn/TraCuuTaiLieuSo2XemChiTiet.aspx?Id=79949
Giáo Trình Lôgíc Học (Hệ Cử Nhân Chính Trị);215;nan;https://lib.qnu.edu.vn/TraCuuTaiLieuSo2XemChiTiet.aspx?id=81137
Giáo Trình Phân Tích Và Đầu Tư Chứng Khoán;448;nan;https://lib.qnu.edu.vn/TraCuuTaiLieuSo2XemChiTiet.aspx?id=81107
Logic Ngôn Ngữ Học;195;nan;https://lib.qnu.edu.vn/TraCuuTaiLieuSo2XemChiTiet.aspx?id=79916
Tìm Hiểu Giai Cấp Tư Sản Việt Nam Thời Pháp Thuộc;270;nan;https://lib.qnu.edu.vn/TraCuuTaiLieuSo2XemChiTiet.aspx?id=81150
Tư Tưởng Chính Trị Hồ Chí Minh;273;nan;https://lib.qnu.edu.vn/TraCuuTaiLieuSo2XemChiTiet.aspx?id=81136
Tuần 51 ( Từ Ngày 15-21/12/2025 );;nan;
10 Ctđt;;nan;
Chính Trị Học So Sánh Từ Cách Tiếp Cận Hệ Thống Cấu Trúc Chức Năng;467;Tuấn;https://lib.qnu.edu.vn/TraCuuTaiLieuSo2XemChiTiet.aspx?id=81149
Cơ Sở Khảo Cổ Học;443;nan;https://lib.qnu.edu.vn/TraCuuTaiLieuSo2XemChiTiet.aspx?id=81172
Cuộc Chiến Không Kết Thúc;513;nan;https://lib.qnu.edu.vn/TraCuuTaiLieuSo2XemChiTiet.aspx?id=80947
Giáo Trình Chính Trị Học Đại Cương;391;nan;https://lib.qnu.edu.vn/TraCuuTaiLieuSo2XemChiTiet.aspx?id=81138
Hàm Một Biến Phức Lí Thuyết Và Ứng Dụng;183;nan;https://lib.qnu.edu.vn/TraCuuTaiLieuSo2XemChiTiet.aspx?id=81076
Hệ Thống Chính Trị Và Một Số Vấn Đề Đổi Mới Hệ Thống Chính Trị Việt Nam;531;nan;https://lib.qnu.edu.vn/TraCuuTaiLieuSo2XemChiTiet.aspx?id=81148
Kỹ Thuật Điện Cao Áp Tập I;349;nan;https://lib.qnu.edu.vn/TraCuuTaiLieuSo2XemChiTiet.aspx?id=81094
Kỹ Thuật Đo Lường Các Đại Lượng Vật Lý Tập I;204;nan;https://lib.qnu.edu.vn/TraCuuTaiLieuSo2XemChiTiet.aspx?id=81156
Kỹ Thuật Đo Lường Các Đại Lượng Vật Lý Tập Ii;223;nan;https://lib.qnu.edu.vn/TraCuuTaiLieuSo2XemChiTiet.aspx?id=81157
Kỹ Thuật Xung Căn Bản Và Nâng Cao;154;nan;https://lib.qnu.edu.vn/TraCuuTaiLieuSo2XemChiTiet.aspx?id=81158
Lịch Sử Việt Nam Tập I;353;nan;https://lib.qnu.edu.vn/TraCuuTaiLieuSo2XemChiTiet.aspx?id=81201
Lịch Sử Việt Nam Tập Ii;373;nan;https://lib.qnu.edu.vn/TraCuuTaiLieuSo2XemChiTiet.aspx?id=81202
Lịch Sử Việt Nam Tập Iii;379;nan;https://lib.qnu.edu.vn/TraCuuTaiLieuSo2XemChiTiet.aspx?id=81203
Thể Chế Chính Trị Thế Giới Đương Đại;447;nan;https://lib.qnu.edu.vn/TraCuuTaiLieuSo2XemChiTiet.aspx?id=81220
Giáo Trình Quản Lý Nhà Nước Trên Các Lĩnh Vực Kinh Tế;265;Trúc;https://lib.qnu.edu.vn/TraCuuTaiLieuSo2XemChiTiet.aspx?id=81146
Giáo Trình Hệ Thống Chính Trị Việt Nam;234;nan;https://lib.qnu.edu.vn/TraCuuTaiLieuSo2XemChiTiet.aspx?id=81135
Giáo Trình Triết Học Mác - Lênin (Dùng Trong Trường Đại Học, Cao Đẳng);411;nan;https://lib.qnu.edu.vn/TraCuuTaiLieuSo2XemChiTiet.aspx?id=81147
Đối Ngoại Việt Nam Qua Các Thời Kỳ Lịch Lịch Sử (1945 - 2012);446;nan;https://lib.qnu.edu.vn/TraCuuTaiLieuSo2XemChiTiet.aspx?id=81141
Đông Á, Đông Nam Á Những Vấn Đề Lịch Sử Và Hiện Tại;494;nan;https://lib.qnu.edu.vn/TraCuuTaiLieuSo2XemChiTiet.aspx?id=81167
Một Số Vấn Đề Khu Vực Đông Á Trong Những Năm Đầu Thế Kỉ Xxi;318;nan;https://lib.qnu.edu.vn/TraCuuTaiLieuSo2XemChiTiet.aspx?id=81168
Tuần 52 ( Từ Ngày 22-26/12/2025 );;nan;
10 Ctđt + Aun;;nan;
Dân Tộc Học Việt Nam;635;Tuấn;
Điện Tử Công Suất;391;nan;https://lib.qnu.edu.vn/TraCuuTaiLieuSo2XemChiTiet.aspx?id=81079
Điều Chỉnh Tự Động Truyền Động Điện;418;nan;https://lib.qnu.edu.vn/TraCuuTaiLieuSo2XemChiTiet.aspx?id=81083
Giáo Trình Đo Lường Điện Và Cảm Biến Đo Lường;391;nan;https://lib.qnu.edu.vn/TraCuuTaiLieuSo2XemChiTiet.aspx?id=81078
Hội Nghị Khoa Học Địa Lý Lần Thứ 8 Khoa Học Địa Lý Việt Nam Trong Chiến Lược Đổi Mới, Hội Nhập Và Phát Triển. Quyển Ii;1051;nan;https://lib.qnu.edu.vn/TraCuuTaiLieuSo2XemChiTiet.aspx?id=81205
Lịch Sử Các Học Thuyết Kinh Tế;659;nan;https://lib.qnu.edu.vn/TraCuuTaiLieuSo2XemChiTiet.aspx?id=79936
Một Số Chuyên Đề Lịch Sử Thế Giới Tập Iii;647;nan;https://lib.qnu.edu.vn/TraCuuTaiLieuSo2XemChiTiet.aspx?id=81166
Từ Xtalin Đến Enxin;603;nan;https://lib.qnu.edu.vn/TraCuuTaiLieuSo2XemChiTiet.aspx?id=81165
Nghỉ Phép;;Trúc;
Tuần 53 ( Từ Ngày 29/12/2025-4/1/2026 );;nan;
Nghỉ Phép Và Tết Dương Lịch;;Tuấn;
Lịch Sử Kinh Tế Việt Nam;421;Trúc;https://lib.qnu.edu.vn/TraCuuTaiLieuSo2XemChiTiet.aspx?id=80956
Chủ Nghĩa Tư Bản Thế Kỉ Xx Và Thập Niên Đầu Thế Kỉ Xxi: Một Cách Tiếp Cận Từ Lịch Sử;416;nan;https://lib.qnu.edu.vn/TraCuuTaiLieuSo2XemChiTiet.aspx?id=81164
Một Chặng Đường Nghiên Cứu Trung Quốc;468;nan;https://lib.qnu.edu.vn/TraCuuTaiLieuSo2XemChiTiet.aspx?id=81163
